CREATE DATABASE  IF NOT EXISTS `www_roomapi_com` /*!40100 DEFAULT CHARACTER SET utf8 */ /*!80016 DEFAULT ENCRYPTION='N' */;
USE `www_roomapi_com`;
-- MySQL dump 10.13  Distrib 8.0.16, for Win64 (x86_64)
--
-- Host: 47.112.232.210    Database: www_roomapi_com
-- ------------------------------------------------------
-- Server version	8.0.20

/*!40101 SET @OLD_CHARACTER_SET_CLIENT=@@CHARACTER_SET_CLIENT */;
/*!40101 SET @OLD_CHARACTER_SET_RESULTS=@@CHARACTER_SET_RESULTS */;
/*!40101 SET @OLD_COLLATION_CONNECTION=@@COLLATION_CONNECTION */;
 SET NAMES utf8 ;
/*!40103 SET @OLD_TIME_ZONE=@@TIME_ZONE */;
/*!40103 SET TIME_ZONE='+00:00' */;
/*!40014 SET @OLD_UNIQUE_CHECKS=@@UNIQUE_CHECKS, UNIQUE_CHECKS=0 */;
/*!40014 SET @OLD_FOREIGN_KEY_CHECKS=@@FOREIGN_KEY_CHECKS, FOREIGN_KEY_CHECKS=0 */;
/*!40101 SET @OLD_SQL_MODE=@@SQL_MODE, SQL_MODE='NO_AUTO_VALUE_ON_ZERO' */;
/*!40111 SET @OLD_SQL_NOTES=@@SQL_NOTES, SQL_NOTES=0 */;

--
-- Table structure for table `advise`
--

DROP TABLE IF EXISTS `advise`;
/*!40101 SET @saved_cs_client     = @@character_set_client */;
 SET character_set_client = utf8mb4 ;
CREATE TABLE `advise` (
  `id` int NOT NULL AUTO_INCREMENT,
  `user_id` int NOT NULL DEFAULT '0' COMMENT '用户id',
  `message` text CHARACTER SET utf8mb4 COLLATE utf8mb4_0900_ai_ci NOT NULL COMMENT '反馈及建议信息',
  `created_time` datetime DEFAULT NULL,
  `updated_time` datetime DEFAULT NULL,
  PRIMARY KEY (`id`) USING BTREE,
  KEY `user_id` (`user_id`) USING BTREE,
  CONSTRAINT `advise_ibfk_1` FOREIGN KEY (`user_id`) REFERENCES `user` (`id`) ON DELETE CASCADE ON UPDATE RESTRICT
) ENGINE=InnoDB AUTO_INCREMENT=30 DEFAULT CHARSET=utf8mb4 COLLATE=utf8mb4_0900_ai_ci ROW_FORMAT=DYNAMIC;
/*!40101 SET character_set_client = @saved_cs_client */;

--
-- Dumping data for table `advise`
--

LOCK TABLES `advise` WRITE;
/*!40000 ALTER TABLE `advise` DISABLE KEYS */;
INSERT INTO `advise` VALUES (3,1,'反馈信息测试111','2020-09-28 17:32:44','2020-09-28 17:32:44'),(8,1,'阿巴阿巴','2020-10-01 13:49:58','2020-10-01 13:49:58'),(10,1,'12','2020-10-01 13:50:17','2020-10-01 13:50:17'),(11,1,'123','2020-10-01 13:50:18','2020-10-01 13:50:18'),(12,1,'1234','2020-10-01 13:50:19','2020-10-01 13:50:19'),(13,1,'12345','2020-10-01 13:50:21','2020-10-01 13:50:21'),(20,1,'12212121','2020-10-01 13:50:43','2020-10-01 13:50:43'),(23,1,'我的反馈Teng','2020-10-01 19:55:30','2020-10-01 19:55:30'),(24,1,'继续反馈','2020-10-01 19:56:00','2020-10-01 19:56:00'),(25,7,'123','2020-10-03 17:06:34','2020-10-03 17:06:34'),(26,2,'不错','2020-10-03 21:11:34','2020-10-03 21:11:34'),(27,8,'。','2020-10-05 19:09:43','2020-10-05 19:09:43'),(28,8,'。。？','2020-10-05 19:09:54','2020-10-05 19:09:54'),(29,2,'真的大','2020-10-06 12:58:17','2020-10-06 12:58:17');
/*!40000 ALTER TABLE `advise` ENABLE KEYS */;
UNLOCK TABLES;

--
-- Table structure for table `fava`
--

DROP TABLE IF EXISTS `fava`;
/*!40101 SET @saved_cs_client     = @@character_set_client */;
 SET character_set_client = utf8mb4 ;
CREATE TABLE `fava` (
  `id` int NOT NULL AUTO_INCREMENT,
  `user_id` int NOT NULL DEFAULT '0' COMMENT '用户id',
  `room_id` int NOT NULL DEFAULT '0' COMMENT '教室id',
  `created_time` datetime DEFAULT NULL,
  `updated_time` datetime DEFAULT NULL,
  PRIMARY KEY (`id`) USING BTREE,
  KEY `user_id` (`user_id`) USING BTREE,
  KEY `room_id` (`room_id`) USING BTREE,
  CONSTRAINT `fava_ibfk_1` FOREIGN KEY (`user_id`) REFERENCES `user` (`id`) ON DELETE CASCADE ON UPDATE RESTRICT,
  CONSTRAINT `fava_ibfk_2` FOREIGN KEY (`room_id`) REFERENCES `room` (`id`) ON DELETE CASCADE ON UPDATE RESTRICT
) ENGINE=InnoDB AUTO_INCREMENT=74 DEFAULT CHARSET=utf8mb4 COLLATE=utf8mb4_0900_ai_ci ROW_FORMAT=DYNAMIC;
/*!40101 SET character_set_client = @saved_cs_client */;

--
-- Dumping data for table `fava`
--

LOCK TABLES `fava` WRITE;
/*!40000 ALTER TABLE `fava` DISABLE KEYS */;
INSERT INTO `fava` VALUES (26,1,36,'2020-10-02 15:11:36','2020-10-02 15:11:36'),(47,8,1,'2020-10-05 19:29:45','2020-10-05 19:29:45'),(48,8,29,'2020-10-05 19:30:53','2020-10-05 19:30:53'),(49,8,24,'2020-10-05 19:32:04','2020-10-05 19:32:04'),(50,7,1,'2020-10-08 15:51:21','2020-10-08 15:51:21'),(51,14,1,'2020-10-09 10:30:25','2020-10-09 10:30:25'),(53,13,1,'2020-10-09 11:30:41','2020-10-09 11:30:41'),(54,2,38,'2020-10-10 10:00:14','2020-10-10 10:00:14'),(64,1,1,'2020-11-13 19:40:34','2020-11-13 19:40:34'),(66,16,4,'2021-01-04 22:01:26','2021-01-04 22:01:26'),(67,16,5,'2021-01-05 16:22:47','2021-01-05 16:22:47'),(68,16,7,'2021-01-05 16:22:49','2021-01-05 16:22:49'),(69,16,8,'2021-01-05 16:22:51','2021-01-05 16:22:51'),(71,16,3,'2021-01-05 16:22:58','2021-01-05 16:22:58'),(72,16,21,'2021-01-05 16:23:03','2021-01-05 16:23:03');
/*!40000 ALTER TABLE `fava` ENABLE KEYS */;
UNLOCK TABLES;

--
-- Table structure for table `floor`
--

DROP TABLE IF EXISTS `floor`;
/*!40101 SET @saved_cs_client     = @@character_set_client */;
 SET character_set_client = utf8mb4 ;
CREATE TABLE `floor` (
  `id` int NOT NULL AUTO_INCREMENT,
  `name` varchar(30) CHARACTER SET utf8mb4 COLLATE utf8mb4_0900_ai_ci NOT NULL DEFAULT '' COMMENT '教学楼',
  `avatar` varchar(255) CHARACTER SET utf8mb4 COLLATE utf8mb4_0900_ai_ci DEFAULT '' COMMENT '照片',
  `desc` text CHARACTER SET utf8mb4 COLLATE utf8mb4_0900_ai_ci NOT NULL COMMENT '描述',
  `created_time` datetime DEFAULT NULL,
  `updated_time` datetime DEFAULT NULL,
  PRIMARY KEY (`id`) USING BTREE,
  UNIQUE KEY `name` (`name`) USING BTREE
) ENGINE=InnoDB AUTO_INCREMENT=22 DEFAULT CHARSET=utf8mb4 COLLATE=utf8mb4_0900_ai_ci ROW_FORMAT=DYNAMIC;
/*!40101 SET character_set_client = @saved_cs_client */;

--
-- Dumping data for table `floor`
--

LOCK TABLES `floor` WRITE;
/*!40000 ALTER TABLE `floor` DISABLE KEYS */;
INSERT INTO `floor` VALUES (1,'A1','',' ','2020-09-25 19:33:56','2020-09-25 20:25:51'),(2,'A2','',' ','2020-09-25 19:34:28','2020-09-25 20:27:52'),(3,'A3','','','2020-09-25 19:34:42','2020-09-25 19:34:42'),(4,'B1','','','2020-09-25 19:34:46','2020-09-25 19:34:46'),(9,'A4','','','2020-09-25 20:52:57','2020-09-25 20:52:57'),(10,'A5','','','2020-09-25 20:52:59','2020-09-25 20:52:59'),(12,'B2','','','2020-09-25 20:53:08','2020-09-25 20:53:08'),(13,'A6','','','2020-09-29 20:24:37','2020-09-29 20:30:44'),(14,'B3','','','2020-10-01 14:51:51','2020-10-01 14:51:51'),(15,'B4','','','2020-10-01 14:51:54','2020-10-01 14:51:54'),(16,'B5','','','2020-10-01 14:51:57','2020-10-01 14:51:57'),(18,'A7','','','2020-10-01 14:52:13','2020-10-01 14:52:13'),(19,'A8','','','2020-10-01 14:52:15','2020-10-01 14:52:15'),(20,'A9','','','2020-10-01 14:52:18','2020-10-01 14:52:18'),(21,'A10','','','2020-10-01 14:52:21','2020-10-01 14:52:21');
/*!40000 ALTER TABLE `floor` ENABLE KEYS */;
UNLOCK TABLES;

--
-- Table structure for table `floor_old`
--

DROP TABLE IF EXISTS `floor_old`;
/*!40101 SET @saved_cs_client     = @@character_set_client */;
 SET character_set_client = utf8mb4 ;
CREATE TABLE `floor_old` (
  `id` int NOT NULL AUTO_INCREMENT,
  `name` varchar(30) CHARACTER SET utf8mb4 COLLATE utf8mb4_0900_ai_ci NOT NULL DEFAULT '' COMMENT '教学楼',
  `avatar` varchar(255) CHARACTER SET utf8mb4 COLLATE utf8mb4_0900_ai_ci DEFAULT '' COMMENT '照片',
  `desc` text CHARACTER SET utf8mb4 COLLATE utf8mb4_0900_ai_ci NOT NULL COMMENT '描述',
  `created_time` datetime DEFAULT NULL,
  `updated_time` datetime DEFAULT NULL,
  PRIMARY KEY (`id`) USING BTREE,
  UNIQUE KEY `name` (`name`) USING BTREE
) ENGINE=InnoDB AUTO_INCREMENT=22 DEFAULT CHARSET=utf8mb4 COLLATE=utf8mb4_0900_ai_ci ROW_FORMAT=DYNAMIC;
/*!40101 SET character_set_client = @saved_cs_client */;

--
-- Dumping data for table `floor_old`
--

LOCK TABLES `floor_old` WRITE;
/*!40000 ALTER TABLE `floor_old` DISABLE KEYS */;
INSERT INTO `floor_old` VALUES (1,'A1','',' ','2020-09-25 19:33:56','2020-09-25 20:25:51'),(2,'A2','',' ','2020-09-25 19:34:28','2020-09-25 20:27:52'),(3,'A3','','','2020-09-25 19:34:42','2020-09-25 19:34:42'),(4,'B1','','','2020-09-25 19:34:46','2020-09-25 19:34:46'),(9,'A4','','','2020-09-25 20:52:57','2020-09-25 20:52:57'),(10,'A5','','','2020-09-25 20:52:59','2020-09-25 20:52:59'),(12,'B2','','','2020-09-25 20:53:08','2020-09-25 20:53:08'),(13,'A6','','','2020-09-29 20:24:37','2020-09-29 20:30:44'),(14,'B3','','','2020-10-01 14:51:51','2020-10-01 14:51:51'),(15,'B4','','','2020-10-01 14:51:54','2020-10-01 14:51:54'),(16,'B5','','','2020-10-01 14:51:57','2020-10-01 14:51:57'),(18,'A7','','','2020-10-01 14:52:13','2020-10-01 14:52:13'),(19,'A8','','','2020-10-01 14:52:15','2020-10-01 14:52:15'),(20,'A9','','','2020-10-01 14:52:18','2020-10-01 14:52:18'),(21,'A10','','','2020-10-01 14:52:21','2020-10-01 14:52:21');
/*!40000 ALTER TABLE `floor_old` ENABLE KEYS */;
UNLOCK TABLES;

--
-- Table structure for table `manager`
--

DROP TABLE IF EXISTS `manager`;
/*!40101 SET @saved_cs_client     = @@character_set_client */;
 SET character_set_client = utf8mb4 ;
CREATE TABLE `manager` (
  `id` int NOT NULL AUTO_INCREMENT,
  `username` varchar(30) CHARACTER SET utf8mb4 COLLATE utf8mb4_0900_ai_ci NOT NULL DEFAULT '' COMMENT '用户名',
  `password` varchar(255) CHARACTER SET utf8mb4 COLLATE utf8mb4_0900_ai_ci NOT NULL DEFAULT '' COMMENT '密码',
  `created_time` datetime DEFAULT NULL,
  `updated_time` datetime DEFAULT NULL,
  PRIMARY KEY (`id`) USING BTREE,
  UNIQUE KEY `username` (`username`) USING BTREE
) ENGINE=InnoDB AUTO_INCREMENT=5 DEFAULT CHARSET=utf8mb4 COLLATE=utf8mb4_0900_ai_ci ROW_FORMAT=DYNAMIC;
/*!40101 SET character_set_client = @saved_cs_client */;

--
-- Dumping data for table `manager`
--

LOCK TABLES `manager` WRITE;
/*!40000 ALTER TABLE `manager` DISABLE KEYS */;
INSERT INTO `manager` VALUES (1,'manager88','fbc0b87fa89d8eba78ee8a96fe73ba747d5d638f770124627b4ffa649433c9ec','2020-09-29 17:11:49','2020-09-29 17:11:49'),(2,'tenggg','150f278d5fff72469a56c4be42b0144a7702242b50340e21e451e6a21185fefc','2020-10-08 10:40:04','2020-10-08 10:40:04'),(3,'admin66','05e6102180ad9a7a4f977dcf894ca597a8501cf2c835ead685ac765805530852','2020-10-08 10:40:41','2020-10-08 10:40:41'),(4,'admin77','3ea637c6d534d2a8148dd1eb41d48bdb638b18846fb39beceed82890b0a41b5b','2020-10-08 10:41:52','2020-10-08 10:41:52');
/*!40000 ALTER TABLE `manager` ENABLE KEYS */;
UNLOCK TABLES;

--
-- Table structure for table `order`
--

DROP TABLE IF EXISTS `order`;
/*!40101 SET @saved_cs_client     = @@character_set_client */;
 SET character_set_client = utf8mb4 ;
CREATE TABLE `order` (
  `id` int NOT NULL AUTO_INCREMENT,
  `start_time` varchar(255) CHARACTER SET utf8mb4 COLLATE utf8mb4_0900_ai_ci NOT NULL DEFAULT '' COMMENT '预约开始时间',
  `end_time` varchar(255) CHARACTER SET utf8mb4 COLLATE utf8mb4_0900_ai_ci NOT NULL DEFAULT '' COMMENT '预约结束时间',
  `reason` varchar(255) CHARACTER SET utf8mb4 COLLATE utf8mb4_0900_ai_ci NOT NULL DEFAULT '' COMMENT '预约原因',
  `status` int NOT NULL DEFAULT '2' COMMENT '预约状态',
  `room_id` int NOT NULL DEFAULT '0' COMMENT '教室id',
  `user_id` int NOT NULL DEFAULT '0' COMMENT '用户id',
  `created_time` datetime DEFAULT NULL,
  `updated_time` datetime DEFAULT NULL,
  PRIMARY KEY (`id`) USING BTREE,
  KEY `room_id` (`room_id`) USING BTREE,
  KEY `user_id` (`user_id`) USING BTREE,
  CONSTRAINT `order_ibfk_1` FOREIGN KEY (`room_id`) REFERENCES `room` (`id`) ON DELETE CASCADE ON UPDATE RESTRICT,
  CONSTRAINT `order_ibfk_2` FOREIGN KEY (`user_id`) REFERENCES `user` (`id`) ON DELETE CASCADE ON UPDATE RESTRICT
) ENGINE=InnoDB AUTO_INCREMENT=79 DEFAULT CHARSET=utf8mb4 COLLATE=utf8mb4_0900_ai_ci ROW_FORMAT=DYNAMIC;
/*!40101 SET character_set_client = @saved_cs_client */;

--
-- Dumping data for table `order`
--

LOCK TABLES `order` WRITE;
/*!40000 ALTER TABLE `order` DISABLE KEYS */;
INSERT INTO `order` VALUES (2,'2020-09-27 15:00','2020-09-27 15:30','举行团日活动',0,1,1,'2020-09-26 15:37:56','2020-10-01 13:17:21'),(3,'2020-09-28 15:00','2020-09-28 15:30','举行团日活动',1,2,1,'2020-09-26 15:38:11','2020-09-26 16:05:09'),(5,'2020-09-29 19:00','2020-09-29 20:30','晚自习111',1,4,1,'2020-10-01 13:20:13','2020-10-01 13:46:36'),(6,'2020-10-09 19:00','2020-10-09 20:30','晚自习111',0,6,1,'2020-10-01 13:20:34','2020-10-01 13:46:34'),(7,'2020-10-09 19:00','2020-10-09 20:30','晚自习111',1,6,1,'2020-10-01 13:20:56','2020-10-01 13:48:02'),(8,'2020-10-09 19:00','2020-10-09 20:30','晚自习111',0,6,1,'2020-10-01 13:20:56','2020-10-01 13:46:32'),(10,'2020-10-09 19:00','2020-10-09 20:30','晚自习111',1,6,1,'2020-10-01 13:20:57','2020-10-01 13:42:00'),(14,'2020-10-09 19:00','2020-10-09 20:30','晚自习111',1,6,1,'2020-10-01 13:20:59','2020-10-01 13:46:12'),(16,'2020-10-09 19:00','2020-10-09 20:30','晚自习111',1,6,1,'2020-10-01 13:21:00','2020-10-01 13:41:44'),(17,'2020-10-09 19:00','2020-10-09 20:30','晚自习111',1,6,1,'2020-10-01 13:46:47','2020-10-01 13:47:38'),(18,'2020-10-09 19:00','2020-10-09 20:30','晚自习111',0,6,1,'2020-10-01 13:46:48','2020-10-01 13:47:37'),(19,'2020-10-09 19:00','2020-10-09 20:30','晚自习111',1,6,1,'2020-10-01 13:46:48','2020-10-01 14:54:57'),(20,'2020-10-09 19:00','2020-10-09 20:30','晚自习111',1,6,1,'2020-10-01 13:46:49','2020-10-01 13:48:05'),(27,'2020-10-13 16:19','2020-10-13 17:21','团日活动111',3,1,1,'2020-10-02 16:20:07','2020-10-02 16:33:23'),(30,'2020-10-15 16:46','2020-10-15 17:38','举行活动',3,1,1,'2020-10-02 16:46:49','2020-10-03 17:16:48'),(31,'2020-10-22 16:52','2020-10-22 17:38','社团活动',3,3,1,'2020-10-02 16:47:19','2020-10-03 17:17:32'),(35,'2020-10-15 14:19','2020-10-16 14:19','123',2,1,1,'2020-10-05 14:19:44','2020-10-05 14:19:44'),(36,'2020-10-05 17:20','2020-10-05 20:20','567',2,1,1,'2020-10-05 14:20:47','2020-10-05 14:20:47'),(37,'2020-10-06 16:37','2020-10-07 16:37','111',2,1,1,'2020-10-05 16:37:45','2020-10-05 16:37:45'),(38,'2020-10-14 16:37','2020-10-15 16:37','15',2,3,1,'2020-10-05 16:38:03','2020-10-05 16:38:03'),(39,'2020-10-07 16:38','2020-10-08 16:38','1515',2,4,1,'2020-10-05 16:38:17','2020-10-05 16:38:17'),(40,'2020-10-07 16:40','2020-10-08 16:40','测试',2,2,1,'2020-10-05 16:40:11','2020-10-05 16:40:11'),(41,'2020-10-08 17:10','2020-10-09 17:10','1212',2,1,1,'2020-10-05 17:10:44','2020-10-05 17:10:44'),(42,'2020-10-09 17:10','2020-10-23 17:10','21',2,2,1,'2020-10-05 17:10:51','2020-10-05 17:10:51'),(43,'2020-10-08 17:10','2020-10-30 17:10','2121',2,24,1,'2020-10-05 17:11:01','2020-10-05 17:11:01'),(44,'2020-10-09 17:11','2020-10-17 17:11','21',2,7,1,'2020-10-05 17:11:13','2020-10-05 17:11:13'),(45,'2020-10-10 17:11','2020-10-23 17:11','5454',0,7,1,'2020-10-05 17:11:19','2020-10-08 10:34:19'),(46,'2020-10-06 17:11','2020-10-06 17:13','24',2,6,1,'2020-10-05 17:11:42','2020-10-05 17:11:42'),(47,'2020-10-06 17:11','2020-10-07 17:11','2121',0,6,1,'2020-10-05 17:11:47','2020-10-08 10:34:12'),(48,'2020-10-08 17:11','2020-10-09 17:11','212121',2,6,1,'2020-10-05 17:11:52','2020-10-05 17:11:52'),(49,'2020-10-05 19:05','2020-10-05 19:05','测试',1,1,1,'2020-10-05 19:05:52','2020-10-08 10:34:06'),(50,'2020-10-05 19:08','2020-10-05 19:08','，',1,1,8,'2020-10-05 19:08:52','2020-10-05 19:10:09'),(51,'2020-10-05 19:32','2020-10-05 19:32','。',2,1,8,'2020-10-05 19:32:45','2020-10-05 19:32:45'),(52,'2020-10-07 12:56','2020-10-09 12:56','n无\n\n',1,2,2,'2020-10-06 12:56:50','2020-10-06 12:57:13'),(53,'2020-10-09 09:28','2020-10-09 11:28','11',2,1,1,'2020-10-08 11:28:58','2020-10-08 11:28:58'),(54,'2020-10-09 15:48','2020-10-09 16:48','1城市',2,3,1,'2020-10-08 15:49:06','2020-10-08 15:49:06'),(55,'2020-10-08 16:00','2020-10-23 16:00','二',1,3,9,'2020-10-08 16:01:04','2020-10-08 16:01:16'),(56,'2020-10-09 16:14','2020-10-09 18:14','123',2,5,11,'2020-10-08 16:14:32','2020-10-08 16:14:32'),(57,'2020-10-08 16:55','2020-10-30 16:55','腾总推荐',2,1,12,'2020-10-08 16:55:40','2020-10-08 16:55:40'),(58,'2020-10-08 22:25','2020-10-08 22:25','111',2,3,13,'2020-10-08 22:25:19','2020-10-08 22:25:19'),(59,'2020-10-10 09:16','2020-10-10 10:16','1',2,2,1,'2020-10-09 09:16:55','2020-10-09 09:16:55'),(60,'2020-10-09 11:29','2020-10-10 11:29','去去去',3,1,13,'2020-10-09 11:29:36','2020-10-09 11:29:54'),(61,'2020-10-11 09:54','2020-10-11 10:54','1',2,3,1,'2020-10-10 09:54:35','2020-10-10 09:54:35'),(62,'2020-10-10 09:59','2020-10-11 09:59','..',2,38,2,'2020-10-10 09:59:49','2020-10-10 09:59:49'),(63,'2020-10-11 19:26','2020-10-11 19:26','1\n',1,1,7,'2020-10-11 19:26:13','2020-10-11 19:26:48'),(64,'2020-10-13 12:01','2020-10-14 12:01','1',2,35,1,'2020-10-13 12:01:59','2020-10-13 12:01:59'),(65,'2020-10-16 09:09','2020-10-16 11:09','1',2,4,1,'2020-10-15 09:09:57','2020-10-15 09:09:57'),(66,'2020-10-17 12:02','2020-10-17 13:02','1',2,1,1,'2020-10-16 12:03:01','2020-10-16 12:03:01'),(67,'2020-11-17 18:25','2020-11-19 18:25','1',2,1,1,'2020-11-17 18:25:13','2020-11-17 18:25:13'),(69,'2021-01-05 20:00','2021-01-05 21:00','开班会',2,4,1,'2021-01-04 20:01:04','2021-01-04 20:01:04'),(70,'2021-01-05 20:01','2021-01-05 20:01','1',2,21,1,'2021-01-04 20:01:28','2021-01-04 20:01:28'),(71,'2021-03-17 20:20','2021-03-17 20:30','哈哈',1,2,17,'2021-03-17 20:20:36','2021-03-17 20:23:32'),(72,'2021-03-17 20:31','2021-03-17 20:34','456',2,2,1,'2021-03-17 20:31:39','2021-03-17 20:31:39'),(73,'2021-03-17 20:32','2021-03-17 20:40','666',1,29,18,'2021-03-17 20:33:00','2021-03-17 20:33:17'),(74,'2021-03-17 20:34','2021-03-17 20:45','111',1,1,17,'2021-03-17 20:34:32','2021-03-17 20:34:59'),(75,'2021-03-17 21:04','2021-03-17 21:12','77',1,1,17,'2021-03-17 21:05:07','2021-03-17 21:05:45'),(76,'2021-03-22 20:25','2021-03-22 20:27','&lt;script&gt;123&lt;/script&gt;',1,50,17,'2021-03-22 20:25:23','2021-03-22 20:25:28'),(77,'2021-03-23 17:32','2021-03-23 17:34','123',1,1,17,'2021-03-23 17:32:15','2021-03-23 17:33:39'),(78,'2021-03-23 17:34','2021-03-23 17:37','555',1,1,17,'2021-03-23 17:34:31','2021-03-23 17:34:40');
/*!40000 ALTER TABLE `order` ENABLE KEYS */;
UNLOCK TABLES;

--
-- Table structure for table `room`
--

DROP TABLE IF EXISTS `room`;
/*!40101 SET @saved_cs_client     = @@character_set_client */;
 SET character_set_client = utf8mb4 ;
CREATE TABLE `room` (
  `id` int NOT NULL AUTO_INCREMENT,
  `src` varchar(255) CHARACTER SET utf8mb4 COLLATE utf8mb4_0900_ai_ci DEFAULT '' COMMENT '照片',
  `name` varchar(30) CHARACTER SET utf8mb4 COLLATE utf8mb4_0900_ai_ci NOT NULL DEFAULT '' COMMENT '教室名字',
  `desc` text CHARACTER SET utf8mb4 COLLATE utf8mb4_0900_ai_ci NOT NULL COMMENT '教学楼描述及公告',
  `capacity` int DEFAULT '100' COMMENT '教室容量',
  `light_status` tinyint(1) DEFAULT '0' COMMENT '灯的状态',
  `lock_status` tinyint(1) DEFAULT '0' COMMENT '锁的状态',
  `fan_status` tinyint(1) DEFAULT '0' COMMENT '风扇的状态',
  `ac_status` tinyint(1) DEFAULT '0' COMMENT '空调的状态',
  `floor_id` int NOT NULL DEFAULT '0' COMMENT '教学楼id',
  `created_time` datetime DEFAULT NULL,
  `updated_time` datetime DEFAULT NULL,
  PRIMARY KEY (`id`) USING BTREE,
  UNIQUE KEY `name` (`name`) USING BTREE,
  KEY `floor_id` (`floor_id`) USING BTREE,
  CONSTRAINT `room_ibfk_1` FOREIGN KEY (`floor_id`) REFERENCES `floor` (`id`) ON DELETE CASCADE ON UPDATE RESTRICT
) ENGINE=InnoDB AUTO_INCREMENT=147 DEFAULT CHARSET=utf8mb4 COLLATE=utf8mb4_0900_ai_ci ROW_FORMAT=DYNAMIC;
/*!40101 SET character_set_client = @saved_cs_client */;

--
-- Dumping data for table `room`
--

LOCK TABLES `room` WRITE;
/*!40000 ALTER TABLE `room` DISABLE KEYS */;
INSERT INTO `room` VALUES (1,'','A1-101','同学们好，进出教室请佩戴好口罩哦！',101,0,0,0,0,1,'2020-09-26 13:22:50','2021-03-25 20:31:18'),(2,'','A1-102','同学们好，进出教室请佩戴好控制哦',90,0,0,0,0,1,'2020-09-26 13:25:05','2021-03-17 20:32:09'),(3,'','A1-103','',90,0,0,0,0,1,'2020-09-26 13:25:16','2020-12-18 17:27:12'),(4,'','A2-101','同学们好，进出教室请佩戴好口罩哦！',95,0,0,0,0,2,'2020-09-26 13:25:45','2020-11-05 16:46:18'),(5,'','A2-102','',90,0,0,0,0,2,'2020-09-26 13:25:52','2020-09-26 13:25:52'),(6,'','A2-103','',90,0,0,0,0,2,'2020-09-26 13:25:54','2020-09-26 13:25:54'),(7,'','A2-104','',90,0,0,0,0,2,'2020-09-26 13:25:56','2020-09-26 13:25:56'),(8,'','A2-105','',90,0,0,0,0,2,'2020-09-26 13:25:58','2020-09-26 13:25:58'),(9,'','A2-106','同学们好，进出教室请佩戴好口罩哦！',80,0,0,0,0,2,'2020-09-26 13:26:00','2020-10-01 10:47:36'),(10,'','A2-107','',90,0,0,0,0,2,'2020-09-26 13:26:02','2020-09-26 13:26:02'),(11,'','A2-108','',90,0,0,0,0,2,'2020-09-26 13:26:04','2020-09-26 13:26:04'),(15,'','A2-112','同学们好，请佩戴口罩进入教室，进入教室禁止乱扔垃圾。',80,0,0,0,0,2,'2020-09-26 13:31:56','2020-09-26 13:57:28'),(21,'','A6-101','进出教室，请佩戴好口罩',80,0,0,0,0,13,'2020-09-29 21:22:40','2020-09-29 21:22:40'),(24,'','A4-404','同学们好，进出教室请佩戴好口罩哦！',80,0,0,0,0,9,'2020-09-29 21:26:24','2020-10-01 10:47:23'),(29,'','A5-102','同学们好，进出教室请佩戴好口罩哦！',80,0,0,0,0,10,'2020-10-01 10:36:33','2021-03-17 20:33:48'),(30,'','A2-113','',100,0,0,0,0,2,'2020-10-02 13:27:25','2020-10-02 13:27:25'),(31,'','A2-114','',100,0,0,0,0,2,'2020-10-02 13:27:27','2020-10-02 13:27:27'),(32,'','A2-115','',100,0,0,0,0,2,'2020-10-02 13:27:29','2020-10-02 13:27:29'),(33,'','A2-116','',100,0,0,0,0,2,'2020-10-02 13:27:31','2020-10-02 13:27:31'),(34,'','A2-117','',100,0,0,0,0,2,'2020-10-02 13:27:33','2020-10-02 13:27:33'),(35,'','A2-118','',100,0,0,0,0,2,'2020-10-02 13:27:34','2020-10-02 13:27:34'),(36,'','A2-119','',100,0,0,0,0,2,'2020-10-02 13:27:36','2020-10-02 13:27:36'),(37,'','A2-120','',100,0,0,0,0,2,'2020-10-02 13:27:38','2020-10-02 13:27:38'),(38,'','A7-101','',80,0,0,0,0,18,'2020-10-03 17:15:10','2020-10-03 17:15:10'),(39,'','A1-104','',50,0,0,0,0,1,'2021-03-22 19:57:01','2021-03-22 19:57:01'),(40,'','A1-105','',80,0,0,0,0,1,'2021-03-22 19:57:13','2021-03-22 19:57:13'),(41,'','A1-106','',100,0,0,0,0,1,'2021-03-22 19:57:33','2021-03-22 19:57:33'),(42,'','A1-107','',100,0,0,0,0,1,'2021-03-22 19:57:41','2021-03-22 19:57:41'),(43,'','A1-108','',100,0,0,0,0,1,'2021-03-22 19:57:49','2021-03-22 19:57:49'),(44,'','A1-109','',100,0,0,0,0,1,'2021-03-22 19:57:55','2021-03-22 19:57:55'),(45,'','A1-110','',100,0,0,0,0,1,'2021-03-22 19:58:07','2021-03-22 19:58:07'),(46,'','A1-111','',100,0,0,0,0,1,'2021-03-22 19:58:15','2021-03-22 19:58:15'),(47,'','A1-112','',100,0,0,0,0,1,'2021-03-22 19:58:26','2021-03-22 19:58:26'),(48,'','A1-201','',100,0,0,0,0,1,'2021-03-22 19:58:39','2021-03-22 19:58:39'),(49,'','A1-202','',100,0,0,0,0,1,'2021-03-22 19:58:47','2021-03-22 19:58:47'),(50,'','A3-101','',100,0,0,0,0,3,'2021-03-22 20:00:35','2021-03-22 20:28:50'),(51,'','A3-102','',100,0,0,0,0,3,'2021-03-22 20:00:44','2021-03-22 20:00:44'),(52,'','A3-103','',100,0,0,0,0,3,'2021-03-22 20:00:51','2021-03-22 20:00:51'),(53,'','A3-104','',100,0,0,0,0,3,'2021-03-22 20:00:58','2021-03-22 20:00:58'),(54,'','A3-105','',100,0,0,0,0,3,'2021-03-22 20:01:04','2021-03-22 20:01:04'),(55,'','A3-106','',100,0,0,0,0,3,'2021-03-22 20:01:10','2021-03-22 20:01:10'),(56,'','A3-107','',100,0,0,0,0,3,'2021-03-22 20:01:17','2021-03-22 20:01:17'),(57,'','A3-108','',100,0,0,0,0,3,'2021-03-22 20:01:23','2021-03-22 20:01:23'),(58,'','A3-109','',100,0,0,0,0,3,'2021-03-22 20:01:50','2021-03-22 20:01:50'),(59,'','A3-110','',100,0,0,0,0,3,'2021-03-22 20:02:01','2021-03-22 20:02:01'),(60,'','A3-111','',100,0,0,0,0,3,'2021-03-22 20:02:10','2021-03-22 20:02:10'),(61,'','A4-401','',100,0,0,0,0,9,'2021-03-22 20:03:20','2021-03-22 20:03:20'),(62,'','A4-402','',100,0,0,0,0,9,'2021-03-22 20:03:28','2021-03-22 20:03:28'),(63,'','A4-403','',100,0,0,0,0,9,'2021-03-22 20:03:38','2021-03-22 20:03:38'),(64,'','A4-405','',100,0,0,0,0,9,'2021-03-22 20:03:48','2021-03-22 20:03:48'),(65,'','A4-406','',100,0,0,0,0,9,'2021-03-22 20:03:54','2021-03-22 20:03:54'),(66,'','A4-407','',100,0,0,0,0,9,'2021-03-22 20:04:42','2021-03-22 20:04:42'),(67,'','A5-101','',100,0,0,0,0,10,'2021-03-22 20:05:26','2021-03-22 20:05:26'),(68,'','A5-103','',100,0,0,0,0,10,'2021-03-22 20:05:38','2021-03-22 20:05:38'),(69,'','A5-104','',100,0,0,0,0,10,'2021-03-22 20:05:48','2021-03-22 20:05:48'),(70,'','A5-105','',100,0,0,0,0,10,'2021-03-22 20:05:55','2021-03-22 20:05:55'),(71,'','A5-106','',100,0,0,0,0,10,'2021-03-22 20:06:01','2021-03-22 20:06:01'),(72,'','A5-107','',100,0,0,0,0,10,'2021-03-22 20:06:07','2021-03-22 20:06:07'),(73,'','A5-108','',100,0,0,0,0,10,'2021-03-22 20:06:13','2021-03-22 20:06:13'),(75,'','A5-109','',100,0,0,0,0,10,'2021-03-22 20:06:40','2021-03-22 20:06:40'),(76,'','A6-102','',100,0,0,0,0,13,'2021-03-22 20:07:27','2021-03-22 20:07:27'),(77,'','A6-103','',100,0,0,0,0,13,'2021-03-22 20:07:35','2021-03-22 20:07:35'),(78,'','A6-104','',100,0,0,0,0,13,'2021-03-22 20:07:43','2021-03-22 20:07:43'),(79,'','A6-105','',100,0,0,0,0,13,'2021-03-22 20:07:49','2021-03-22 20:07:49'),(80,'','A6-106','',100,0,0,0,0,13,'2021-03-22 20:08:01','2021-03-22 20:08:01'),(81,'','A6-107','',100,0,0,0,0,13,'2021-03-22 20:08:08','2021-03-22 20:08:08'),(82,'','A6-108','',100,0,0,0,0,13,'2021-03-22 20:08:23','2021-03-22 20:08:23'),(83,'','A7-102','',100,0,0,0,0,18,'2021-03-22 20:08:51','2021-03-22 20:08:51'),(84,'','A7-103','',100,0,0,0,0,18,'2021-03-22 20:09:01','2021-03-22 20:09:01'),(85,'','A7-104','',100,0,0,0,0,18,'2021-03-22 20:09:09','2021-03-22 20:09:09'),(86,'','A7-105','',100,0,0,0,0,18,'2021-03-22 20:09:17','2021-03-22 20:09:17'),(87,'','A7-106','',100,0,0,0,0,18,'2021-03-22 20:09:31','2021-03-22 20:09:31'),(88,'','A7-107','',100,0,0,0,0,18,'2021-03-22 20:09:43','2021-03-22 20:09:43'),(89,'','A7-108','',100,0,0,0,0,18,'2021-03-22 20:09:57','2021-03-22 20:09:57'),(90,'','A7-201','',100,0,0,0,0,18,'2021-03-22 20:10:08','2021-03-22 20:10:08'),(91,'','A7-202','',200,0,0,0,0,18,'2021-03-22 20:10:15','2021-03-22 20:10:15'),(92,'','A7-203','',66,0,0,0,0,18,'2021-03-22 20:10:25','2021-03-22 20:10:25'),(93,'','A8-101','',100,0,0,0,0,19,'2021-03-22 20:10:47','2021-03-22 20:10:47'),(94,'','A8-102','',100,0,0,0,0,19,'2021-03-22 20:10:58','2021-03-22 20:10:58'),(95,'','A8-103','',100,0,0,0,0,19,'2021-03-22 20:11:09','2021-03-22 20:11:09'),(96,'','A8-104','',50,0,0,0,0,19,'2021-03-22 20:11:18','2021-03-22 20:11:18'),(97,'','A8-105','',100,0,0,0,0,19,'2021-03-22 20:11:26','2021-03-22 20:11:26'),(98,'','A8-201','',100,0,0,0,0,19,'2021-03-22 20:11:39','2021-03-22 20:11:39'),(99,'','A8-202','',100,0,0,0,0,19,'2021-03-22 20:11:49','2021-03-22 20:11:49'),(100,'','A9-101','',100,0,0,0,0,20,'2021-03-22 20:12:47','2021-03-22 20:12:47'),(101,'','A9-102','',100,0,0,0,0,20,'2021-03-22 20:12:54','2021-03-22 20:12:54'),(102,'','A9-103','',100,0,0,0,0,20,'2021-03-22 20:13:01','2021-03-22 20:13:01'),(103,'','A9-104','',100,0,0,0,0,20,'2021-03-22 20:13:11','2021-03-22 20:13:11'),(104,'','A9-105','',100,0,0,0,0,20,'2021-03-22 20:13:18','2021-03-22 20:13:18'),(105,'','A9-106','',100,0,0,0,0,20,'2021-03-22 20:13:25','2021-03-22 20:13:25'),(106,'','A10-101','',100,0,0,0,0,21,'2021-03-22 20:17:05','2021-03-22 20:17:05'),(107,'','A10-102','',100,0,0,0,0,21,'2021-03-22 20:17:12','2021-03-22 20:17:12'),(108,'','A10-103','',100,0,0,0,0,21,'2021-03-22 20:17:18','2021-03-22 20:17:18'),(109,'','A10-104','',100,0,0,0,0,21,'2021-03-22 20:17:28','2021-03-22 20:17:28'),(110,'','A10-105','',100,0,0,0,0,21,'2021-03-22 20:17:36','2021-03-22 20:17:36'),(111,'','A10-201','',100,0,0,0,0,21,'2021-03-22 20:17:42','2021-03-22 20:17:42'),(112,'','A10-202','',100,0,0,0,0,21,'2021-03-22 20:17:49','2021-03-22 20:17:49'),(113,'','A10-203','',100,0,0,0,0,21,'2021-03-22 20:17:55','2021-03-22 20:17:55'),(114,'','B1-101','',120,0,0,0,0,4,'2021-03-22 20:18:17','2021-03-22 20:18:17'),(115,'','B1-102','',200,0,0,0,0,4,'2021-03-22 20:18:27','2021-03-22 20:18:27'),(116,'','B1-103','',100,0,0,0,0,4,'2021-03-22 20:18:41','2021-03-22 20:18:41'),(117,'','B1-201','',100,0,0,0,0,4,'2021-03-22 20:18:50','2021-03-22 20:18:50'),(118,'','B1-203','',100,0,0,0,0,4,'2021-03-22 20:19:00','2021-03-22 20:19:00'),(119,'','B1-204','',100,0,0,0,0,4,'2021-03-22 20:19:08','2021-03-22 20:19:08'),(120,'','B1-301','',100,0,0,0,0,4,'2021-03-22 20:19:15','2021-03-22 20:19:15'),(121,'','B2-101','',100,0,0,0,0,12,'2021-03-22 20:19:23','2021-03-22 20:19:23'),(122,'','B2-102','',50,0,0,0,0,12,'2021-03-22 20:19:33','2021-03-22 20:19:33'),(123,'','B2-103','',80,0,0,0,0,12,'2021-03-22 20:19:43','2021-03-22 20:19:43'),(124,'','B2-201','',60,0,0,0,0,12,'2021-03-22 20:19:54','2021-03-22 20:19:54'),(125,'','B2-202','',90,0,0,0,0,12,'2021-03-22 20:20:02','2021-03-22 20:20:02'),(126,'','B3-101','',50,0,0,0,0,14,'2021-03-22 20:20:08','2021-03-22 20:20:08'),(127,'','B3-102','',50,0,0,0,0,14,'2021-03-22 20:20:21','2021-03-22 20:20:21'),(128,'','B3-104','',50,0,0,0,0,14,'2021-03-22 20:20:28','2021-03-22 20:20:28'),(129,'','B3-201','',50,0,0,0,0,14,'2021-03-22 20:20:34','2021-03-22 20:20:34'),(130,'','B3-202','',50,0,0,0,0,14,'2021-03-22 20:20:41','2021-03-22 20:20:41'),(131,'','B3-301','',50,0,0,0,0,14,'2021-03-22 20:20:47','2021-03-22 20:20:47'),(132,'','B3-302','',80,0,0,0,0,14,'2021-03-22 20:21:00','2021-03-22 20:21:00'),(133,'','B4-101','',50,0,0,0,0,15,'2021-03-22 20:21:08','2021-03-22 20:21:08'),(134,'','B4-102','',50,0,0,0,0,15,'2021-03-22 20:21:15','2021-03-22 20:21:15'),(135,'','B4-103','',50,0,0,0,0,15,'2021-03-22 20:21:21','2021-03-22 20:21:21'),(136,'','B4-104','',50,0,0,0,0,15,'2021-03-22 20:21:28','2021-03-22 20:21:28'),(137,'','B4-201','',50,0,0,0,0,15,'2021-03-22 20:21:35','2021-03-22 20:21:35'),(138,'','B4-202','',50,0,0,0,0,15,'2021-03-22 20:21:42','2021-03-22 20:21:42'),(139,'','B5-303','',100,0,0,0,0,16,'2021-03-22 20:21:51','2021-03-22 20:21:51'),(140,'','B5-301','',50,0,0,0,0,16,'2021-03-22 20:21:58','2021-03-22 20:21:58'),(141,'','B5-302','',100,0,0,0,0,16,'2021-03-22 20:22:05','2021-03-22 20:22:05'),(142,'','B5-304','',100,0,0,0,0,16,'2021-03-22 20:22:11','2021-03-22 20:22:11'),(143,'','B5-305','',100,0,0,0,0,16,'2021-03-22 20:22:22','2021-03-22 20:22:22'),(144,'','B5-306','',50,0,0,0,0,16,'2021-03-22 20:23:05','2021-03-22 20:23:05'),(145,'','B5-401','',50,0,0,0,0,16,'2021-03-22 20:23:15','2021-03-22 20:23:15'),(146,'','B5-412','',66,0,0,0,0,16,'2021-03-22 20:23:33','2021-03-22 20:23:33');
/*!40000 ALTER TABLE `room` ENABLE KEYS */;
UNLOCK TABLES;

--
-- Table structure for table `room_old`
--

DROP TABLE IF EXISTS `room_old`;
/*!40101 SET @saved_cs_client     = @@character_set_client */;
 SET character_set_client = utf8mb4 ;
CREATE TABLE `room_old` (
  `id` int NOT NULL AUTO_INCREMENT,
  `src` varchar(255) CHARACTER SET utf8mb4 COLLATE utf8mb4_0900_ai_ci DEFAULT '' COMMENT '照片',
  `name` varchar(30) CHARACTER SET utf8mb4 COLLATE utf8mb4_0900_ai_ci NOT NULL DEFAULT '' COMMENT '教室名字',
  `desc` text CHARACTER SET utf8mb4 COLLATE utf8mb4_0900_ai_ci NOT NULL COMMENT '教学楼描述及公告',
  `capacity` int DEFAULT '100' COMMENT '教室容量',
  `light_status` tinyint(1) DEFAULT '0' COMMENT '灯的状态',
  `lock_status` tinyint(1) DEFAULT '0' COMMENT '锁的状态',
  `fan_status` tinyint(1) DEFAULT '0' COMMENT '风扇的状态',
  `ac_status` tinyint(1) DEFAULT '0' COMMENT '空调的状态',
  `floor_id` int NOT NULL DEFAULT '0' COMMENT '教学楼id',
  `created_time` datetime DEFAULT NULL,
  `updated_time` datetime DEFAULT NULL,
  PRIMARY KEY (`id`) USING BTREE,
  UNIQUE KEY `name` (`name`) USING BTREE,
  KEY `floor_id` (`floor_id`) USING BTREE,
  CONSTRAINT `room_ibfk_2` FOREIGN KEY (`floor_id`) REFERENCES `floor_old` (`id`) ON DELETE CASCADE ON UPDATE RESTRICT
) ENGINE=InnoDB AUTO_INCREMENT=147 DEFAULT CHARSET=utf8mb4 COLLATE=utf8mb4_0900_ai_ci ROW_FORMAT=DYNAMIC;
/*!40101 SET character_set_client = @saved_cs_client */;

--
-- Dumping data for table `room_old`
--

LOCK TABLES `room_old` WRITE;
/*!40000 ALTER TABLE `room_old` DISABLE KEYS */;
INSERT INTO `room_old` VALUES (1,'','A1-101','同学们好，进出教室请佩戴好口罩哦！',100,0,0,0,0,1,'2020-09-26 13:22:50','2020-10-01 10:58:23'),(2,'','A1-102','',80,0,0,0,0,1,'2020-09-26 13:25:05','2020-09-26 13:25:05'),(3,'','A1-103','',90,0,0,0,0,1,'2020-09-26 13:25:16','2020-09-26 13:25:16'),(4,'','A2-101','同学们好，进出教室请佩戴好口罩哦！',95,0,0,0,0,2,'2020-09-26 13:25:45','2020-10-01 10:47:14'),(5,'','A2-102','',90,0,0,0,0,2,'2020-09-26 13:25:52','2020-09-26 13:25:52'),(6,'','A2-103','',90,0,0,0,0,2,'2020-09-26 13:25:54','2020-09-26 13:25:54'),(7,'','A2-104','',90,0,0,0,0,2,'2020-09-26 13:25:56','2020-09-26 13:25:56'),(8,'','A2-105','',90,0,0,0,0,2,'2020-09-26 13:25:58','2020-09-26 13:25:58'),(9,'','A2-106','同学们好，进出教室请佩戴好口罩哦！',80,0,0,0,0,2,'2020-09-26 13:26:00','2020-10-01 10:47:36'),(10,'','A2-107','',90,0,0,0,0,2,'2020-09-26 13:26:02','2020-09-26 13:26:02'),(11,'','A2-108','',90,0,0,0,0,2,'2020-09-26 13:26:04','2020-09-26 13:26:04'),(15,'','A2-112','同学们好，请佩戴口罩进入教室，进入教室禁止乱扔垃圾。',80,0,0,0,0,2,'2020-09-26 13:31:56','2020-09-26 13:57:28'),(21,'','A6-101','进出教室，请佩戴好口罩',80,0,0,0,0,13,'2020-09-29 21:22:40','2020-09-29 21:22:40'),(24,'','A4-404','同学们好，进出教室请佩戴好口罩哦！',80,0,0,0,0,9,'2020-09-29 21:26:24','2020-10-01 10:47:23'),(29,'','A5-102','同学们好，进出教室请佩戴好口罩哦！',80,0,0,0,0,10,'2020-10-01 10:36:33','2020-10-01 10:47:56'),(30,'','A2-113','',100,0,0,0,0,2,'2020-10-02 13:27:25','2020-10-02 13:27:25'),(31,'','A2-114','',100,0,0,0,0,2,'2020-10-02 13:27:27','2020-10-02 13:27:27'),(32,'','A2-115','',100,0,0,0,0,2,'2020-10-02 13:27:29','2020-10-02 13:27:29'),(33,'','A2-116','',100,0,0,0,0,2,'2020-10-02 13:27:31','2020-10-02 13:27:31'),(34,'','A2-117','',100,0,0,0,0,2,'2020-10-02 13:27:33','2020-10-02 13:27:33'),(35,'','A2-118','',100,0,0,0,0,2,'2020-10-02 13:27:34','2020-10-02 13:27:34'),(36,'','A2-119','',100,0,0,0,0,2,'2020-10-02 13:27:36','2020-10-02 13:27:36'),(37,'','A2-120','',100,0,0,0,0,2,'2020-10-02 13:27:38','2020-10-02 13:27:38'),(38,'','A7-101','',80,0,0,0,0,18,'2020-10-03 17:15:10','2020-10-03 17:15:10'),(39,'','A1-104','',50,0,0,0,0,1,'2021-03-22 19:57:01','2021-03-22 19:57:01'),(40,'','A1-105','',80,0,0,0,0,1,'2021-03-22 19:57:13','2021-03-22 19:57:13'),(41,'','A1-106','',100,0,0,0,0,1,'2021-03-22 19:57:33','2021-03-22 19:57:33'),(42,'','A1-107','',100,0,0,0,0,1,'2021-03-22 19:57:41','2021-03-22 19:57:41'),(43,'','A1-108','',100,0,0,0,0,1,'2021-03-22 19:57:49','2021-03-22 19:57:49'),(44,'','A1-109','',100,0,0,0,0,1,'2021-03-22 19:57:55','2021-03-22 19:57:55'),(45,'','A1-110','',100,0,0,0,0,1,'2021-03-22 19:58:07','2021-03-22 19:58:07'),(46,'','A1-111','',100,0,0,0,0,1,'2021-03-22 19:58:15','2021-03-22 19:58:15'),(47,'','A1-112','',100,0,0,0,0,1,'2021-03-22 19:58:26','2021-03-22 19:58:26'),(48,'','A1-201','',100,0,0,0,0,1,'2021-03-22 19:58:39','2021-03-22 19:58:39'),(49,'','A1-202','',100,0,0,0,0,1,'2021-03-22 19:58:47','2021-03-22 19:58:47'),(50,'','A3-101','',100,0,0,0,0,3,'2021-03-22 20:00:35','2021-03-22 20:28:50'),(51,'','A3-102','',100,0,0,0,0,3,'2021-03-22 20:00:44','2021-03-22 20:00:44'),(52,'','A3-103','',100,0,0,0,0,3,'2021-03-22 20:00:51','2021-03-22 20:00:51'),(53,'','A3-104','',100,0,0,0,0,3,'2021-03-22 20:00:58','2021-03-22 20:00:58'),(54,'','A3-105','',100,0,0,0,0,3,'2021-03-22 20:01:04','2021-03-22 20:01:04'),(55,'','A3-106','',100,0,0,0,0,3,'2021-03-22 20:01:10','2021-03-22 20:01:10'),(56,'','A3-107','',100,0,0,0,0,3,'2021-03-22 20:01:17','2021-03-22 20:01:17'),(57,'','A3-108','',100,0,0,0,0,3,'2021-03-22 20:01:23','2021-03-22 20:01:23'),(58,'','A3-109','',100,0,0,0,0,3,'2021-03-22 20:01:50','2021-03-22 20:01:50'),(59,'','A3-110','',100,0,0,0,0,3,'2021-03-22 20:02:01','2021-03-22 20:02:01'),(60,'','A3-111','',100,0,0,0,0,3,'2021-03-22 20:02:10','2021-03-22 20:02:10'),(61,'','A4-401','',100,0,0,0,0,9,'2021-03-22 20:03:20','2021-03-22 20:03:20'),(62,'','A4-402','',100,0,0,0,0,9,'2021-03-22 20:03:28','2021-03-22 20:03:28'),(63,'','A4-403','',100,0,0,0,0,9,'2021-03-22 20:03:38','2021-03-22 20:03:38'),(64,'','A4-405','',100,0,0,0,0,9,'2021-03-22 20:03:48','2021-03-22 20:03:48'),(65,'','A4-406','',100,0,0,0,0,9,'2021-03-22 20:03:54','2021-03-22 20:03:54'),(66,'','A4-407','',100,0,0,0,0,9,'2021-03-22 20:04:42','2021-03-22 20:04:42'),(67,'','A5-101','',100,0,0,0,0,10,'2021-03-22 20:05:26','2021-03-22 20:05:26'),(68,'','A5-103','',100,0,0,0,0,10,'2021-03-22 20:05:38','2021-03-22 20:05:38'),(69,'','A5-104','',100,0,0,0,0,10,'2021-03-22 20:05:48','2021-03-22 20:05:48'),(70,'','A5-105','',100,0,0,0,0,10,'2021-03-22 20:05:55','2021-03-22 20:05:55'),(71,'','A5-106','',100,0,0,0,0,10,'2021-03-22 20:06:01','2021-03-22 20:06:01'),(72,'','A5-107','',100,0,0,0,0,10,'2021-03-22 20:06:07','2021-03-22 20:06:07'),(73,'','A5-108','',100,0,0,0,0,10,'2021-03-22 20:06:13','2021-03-22 20:06:13'),(75,'','A5-109','',100,0,0,0,0,10,'2021-03-22 20:06:40','2021-03-22 20:06:40'),(76,'','A6-102','',100,0,0,0,0,13,'2021-03-22 20:07:27','2021-03-22 20:07:27'),(77,'','A6-103','',100,0,0,0,0,13,'2021-03-22 20:07:35','2021-03-22 20:07:35'),(78,'','A6-104','',100,0,0,0,0,13,'2021-03-22 20:07:43','2021-03-22 20:07:43'),(79,'','A6-105','',100,0,0,0,0,13,'2021-03-22 20:07:49','2021-03-22 20:07:49'),(80,'','A6-106','',100,0,0,0,0,13,'2021-03-22 20:08:01','2021-03-22 20:08:01'),(81,'','A6-107','',100,0,0,0,0,13,'2021-03-22 20:08:08','2021-03-22 20:08:08'),(82,'','A6-108','',100,0,0,0,0,13,'2021-03-22 20:08:23','2021-03-22 20:08:23'),(83,'','A7-102','',100,0,0,0,0,18,'2021-03-22 20:08:51','2021-03-22 20:08:51'),(84,'','A7-103','',100,0,0,0,0,18,'2021-03-22 20:09:01','2021-03-22 20:09:01'),(85,'','A7-104','',100,0,0,0,0,18,'2021-03-22 20:09:09','2021-03-22 20:09:09'),(86,'','A7-105','',100,0,0,0,0,18,'2021-03-22 20:09:17','2021-03-22 20:09:17'),(87,'','A7-106','',100,0,0,0,0,18,'2021-03-22 20:09:31','2021-03-22 20:09:31'),(88,'','A7-107','',100,0,0,0,0,18,'2021-03-22 20:09:43','2021-03-22 20:09:43'),(89,'','A7-108','',100,0,0,0,0,18,'2021-03-22 20:09:57','2021-03-22 20:09:57'),(90,'','A7-201','',100,0,0,0,0,18,'2021-03-22 20:10:08','2021-03-22 20:10:08'),(91,'','A7-202','',200,0,0,0,0,18,'2021-03-22 20:10:15','2021-03-22 20:10:15'),(92,'','A7-203','',66,0,0,0,0,18,'2021-03-22 20:10:25','2021-03-22 20:10:25'),(93,'','A8-101','',100,0,0,0,0,19,'2021-03-22 20:10:47','2021-03-22 20:10:47'),(94,'','A8-102','',100,0,0,0,0,19,'2021-03-22 20:10:58','2021-03-22 20:10:58'),(95,'','A8-103','',100,0,0,0,0,19,'2021-03-22 20:11:09','2021-03-22 20:11:09'),(96,'','A8-104','',50,0,0,0,0,19,'2021-03-22 20:11:18','2021-03-22 20:11:18'),(97,'','A8-105','',100,0,0,0,0,19,'2021-03-22 20:11:26','2021-03-22 20:11:26'),(98,'','A8-201','',100,0,0,0,0,19,'2021-03-22 20:11:39','2021-03-22 20:11:39'),(99,'','A8-202','',100,0,0,0,0,19,'2021-03-22 20:11:49','2021-03-22 20:11:49'),(100,'','A9-101','',100,0,0,0,0,20,'2021-03-22 20:12:47','2021-03-22 20:12:47'),(101,'','A9-102','',100,0,0,0,0,20,'2021-03-22 20:12:54','2021-03-22 20:12:54'),(102,'','A9-103','',100,0,0,0,0,20,'2021-03-22 20:13:01','2021-03-22 20:13:01'),(103,'','A9-104','',100,0,0,0,0,20,'2021-03-22 20:13:11','2021-03-22 20:13:11'),(104,'','A9-105','',100,0,0,0,0,20,'2021-03-22 20:13:18','2021-03-22 20:13:18'),(105,'','A9-106','',100,0,0,0,0,20,'2021-03-22 20:13:25','2021-03-22 20:13:25'),(106,'','A10-101','',100,0,0,0,0,21,'2021-03-22 20:17:05','2021-03-22 20:17:05'),(107,'','A10-102','',100,0,0,0,0,21,'2021-03-22 20:17:12','2021-03-22 20:17:12'),(108,'','A10-103','',100,0,0,0,0,21,'2021-03-22 20:17:18','2021-03-22 20:17:18'),(109,'','A10-104','',100,0,0,0,0,21,'2021-03-22 20:17:28','2021-03-22 20:17:28'),(110,'','A10-105','',100,0,0,0,0,21,'2021-03-22 20:17:36','2021-03-22 20:17:36'),(111,'','A10-201','',100,0,0,0,0,21,'2021-03-22 20:17:42','2021-03-22 20:17:42'),(112,'','A10-202','',100,0,0,0,0,21,'2021-03-22 20:17:49','2021-03-22 20:17:49'),(113,'','A10-203','',100,0,0,0,0,21,'2021-03-22 20:17:55','2021-03-22 20:17:55'),(114,'','B1-101','',120,0,0,0,0,4,'2021-03-22 20:18:17','2021-03-22 20:18:17'),(115,'','B1-102','',200,0,0,0,0,4,'2021-03-22 20:18:27','2021-03-22 20:18:27'),(116,'','B1-103','',100,0,0,0,0,4,'2021-03-22 20:18:41','2021-03-22 20:18:41'),(117,'','B1-201','',100,0,0,0,0,4,'2021-03-22 20:18:50','2021-03-22 20:18:50'),(118,'','B1-203','',100,0,0,0,0,4,'2021-03-22 20:19:00','2021-03-22 20:19:00'),(119,'','B1-204','',100,0,0,0,0,4,'2021-03-22 20:19:08','2021-03-22 20:19:08'),(120,'','B1-301','',100,0,0,0,0,4,'2021-03-22 20:19:15','2021-03-22 20:19:15'),(121,'','B2-101','',100,0,0,0,0,12,'2021-03-22 20:19:23','2021-03-22 20:19:23'),(122,'','B2-102','',50,0,0,0,0,12,'2021-03-22 20:19:33','2021-03-22 20:19:33'),(123,'','B2-103','',80,0,0,0,0,12,'2021-03-22 20:19:43','2021-03-22 20:19:43'),(124,'','B2-201','',60,0,0,0,0,12,'2021-03-22 20:19:54','2021-03-22 20:19:54'),(125,'','B2-202','',90,0,0,0,0,12,'2021-03-22 20:20:02','2021-03-22 20:20:02'),(126,'','B3-101','',50,0,0,0,0,14,'2021-03-22 20:20:08','2021-03-22 20:20:08'),(127,'','B3-102','',50,0,0,0,0,14,'2021-03-22 20:20:21','2021-03-22 20:20:21'),(128,'','B3-104','',50,0,0,0,0,14,'2021-03-22 20:20:28','2021-03-22 20:20:28'),(129,'','B3-201','',50,0,0,0,0,14,'2021-03-22 20:20:34','2021-03-22 20:20:34'),(130,'','B3-202','',50,0,0,0,0,14,'2021-03-22 20:20:41','2021-03-22 20:20:41'),(131,'','B3-301','',50,0,0,0,0,14,'2021-03-22 20:20:47','2021-03-22 20:20:47'),(132,'','B3-302','',80,0,0,0,0,14,'2021-03-22 20:21:00','2021-03-22 20:21:00'),(133,'','B4-101','',50,0,0,0,0,15,'2021-03-22 20:21:08','2021-03-22 20:21:08'),(134,'','B4-102','',50,0,0,0,0,15,'2021-03-22 20:21:15','2021-03-22 20:21:15'),(135,'','B4-103','',50,0,0,0,0,15,'2021-03-22 20:21:21','2021-03-22 20:21:21'),(136,'','B4-104','',50,0,0,0,0,15,'2021-03-22 20:21:28','2021-03-22 20:21:28'),(137,'','B4-201','',50,0,0,0,0,15,'2021-03-22 20:21:35','2021-03-22 20:21:35'),(138,'','B4-202','',50,0,0,0,0,15,'2021-03-22 20:21:42','2021-03-22 20:21:42'),(139,'','B5-303','',100,0,0,0,0,16,'2021-03-22 20:21:51','2021-03-22 20:21:51'),(140,'','B5-301','',50,0,0,0,0,16,'2021-03-22 20:21:58','2021-03-22 20:21:58'),(141,'','B5-302','',100,0,0,0,0,16,'2021-03-22 20:22:05','2021-03-22 20:22:05'),(142,'','B5-304','',100,0,0,0,0,16,'2021-03-22 20:22:11','2021-03-22 20:22:11'),(143,'','B5-305','',100,0,0,0,0,16,'2021-03-22 20:22:22','2021-03-22 20:22:22'),(144,'','B5-306','',50,0,0,0,0,16,'2021-03-22 20:23:05','2021-03-22 20:23:05'),(145,'','B5-401','',50,0,0,0,0,16,'2021-03-22 20:23:15','2021-03-22 20:23:15'),(146,'','B5-412','',66,0,0,0,0,16,'2021-03-22 20:23:33','2021-03-22 20:23:33');
/*!40000 ALTER TABLE `room_old` ENABLE KEYS */;
UNLOCK TABLES;

--
-- Table structure for table `sequelizemeta`
--

DROP TABLE IF EXISTS `sequelizemeta`;
/*!40101 SET @saved_cs_client     = @@character_set_client */;
 SET character_set_client = utf8mb4 ;
CREATE TABLE `sequelizemeta` (
  `name` varchar(255) CHARACTER SET utf8 COLLATE utf8_unicode_ci NOT NULL,
  PRIMARY KEY (`name`) USING BTREE,
  UNIQUE KEY `name` (`name`) USING BTREE
) ENGINE=InnoDB DEFAULT CHARSET=utf8 COLLATE=utf8_unicode_ci ROW_FORMAT=DYNAMIC;
/*!40101 SET character_set_client = @saved_cs_client */;

--
-- Dumping data for table `sequelizemeta`
--

LOCK TABLES `sequelizemeta` WRITE;
/*!40000 ALTER TABLE `sequelizemeta` DISABLE KEYS */;
INSERT INTO `sequelizemeta` VALUES ('20200924112542-user.js'),('20200925100753-floor.js'),('20200926043857-room.js'),('20200926051727-room.js'),('20200926052046-room.js'),('20200926070701-order.js'),('20200926071444-order.js'),('20200926122221-fava.js'),('20200928090812-advise.js'),('20200929053640-manager.js');
/*!40000 ALTER TABLE `sequelizemeta` ENABLE KEYS */;
UNLOCK TABLES;

--
-- Table structure for table `user`
--

DROP TABLE IF EXISTS `user`;
/*!40101 SET @saved_cs_client     = @@character_set_client */;
 SET character_set_client = utf8mb4 ;
CREATE TABLE `user` (
  `id` int NOT NULL AUTO_INCREMENT,
  `username` varchar(30) CHARACTER SET utf8mb4 COLLATE utf8mb4_0900_ai_ci NOT NULL DEFAULT '' COMMENT '学号/工号',
  `nickname` varchar(30) CHARACTER SET utf8mb4 COLLATE utf8mb4_0900_ai_ci NOT NULL DEFAULT '' COMMENT '昵称',
  `password` varchar(255) CHARACTER SET utf8mb4 COLLATE utf8mb4_0900_ai_ci NOT NULL DEFAULT '' COMMENT '密码',
  `avatar` varchar(255) CHARACTER SET utf8mb4 COLLATE utf8mb4_0900_ai_ci DEFAULT '' COMMENT '头像',
  `grade` varchar(30) CHARACTER SET utf8mb4 COLLATE utf8mb4_0900_ai_ci NOT NULL DEFAULT '' COMMENT '年级',
  `classroom` varchar(30) CHARACTER SET utf8mb4 COLLATE utf8mb4_0900_ai_ci NOT NULL DEFAULT '' COMMENT '专业班级',
  `super` varchar(3) CHARACTER SET utf8mb4 COLLATE utf8mb4_0900_ai_ci NOT NULL DEFAULT '' COMMENT '权限',
  `identity` varchar(3) CHARACTER SET utf8mb4 COLLATE utf8mb4_0900_ai_ci NOT NULL DEFAULT '' COMMENT '身份',
  `phone` varchar(11) CHARACTER SET utf8mb4 COLLATE utf8mb4_0900_ai_ci NOT NULL DEFAULT '' COMMENT '手机',
  `sex` enum('男','女','保密') CHARACTER SET utf8mb4 COLLATE utf8mb4_0900_ai_ci NOT NULL DEFAULT '保密' COMMENT '性别',
  `desc` text CHARACTER SET utf8mb4 COLLATE utf8mb4_0900_ai_ci NOT NULL COMMENT '个性签名',
  `created_time` datetime DEFAULT NULL,
  `updated_time` datetime DEFAULT NULL,
  PRIMARY KEY (`id`) USING BTREE,
  UNIQUE KEY `username` (`username`) USING BTREE
) ENGINE=InnoDB AUTO_INCREMENT=20 DEFAULT CHARSET=utf8mb4 COLLATE=utf8mb4_0900_ai_ci ROW_FORMAT=DYNAMIC;
/*!40101 SET character_set_client = @saved_cs_client */;

--
-- Dumping data for table `user`
--

LOCK TABLES `user` WRITE;
/*!40000 ALTER TABLE `user` DISABLE KEYS */;
INSERT INTO `user` VALUES (1,'test1','tenggg','8d969eef6ecad3c29a3a629280e686cf0c3f5d5a86aff3ca12020c923adc6c92','http://cloud-room.oss-cn-shenzhen.aliyuncs.com/egg-oss-room/3jbulfxehj40000.png','18级','计科3班','1','0','12345678910','男','随便一句话','2020-09-25 16:34:47','2020-10-24 19:43:52'),(2,'test2','影响','a665a45920422f9d417e4867efdc4fb8a04a1f3fff1fa07e998e86f7f7a27ae3','http://cloud-room.oss-cn-shenzhen.aliyuncs.com/egg-oss-room/br6extp9pw80000.png','','','','','','保密','','2020-09-25 16:35:24','2020-10-06 12:57:46'),(3,'test3','','03ac674216f3e15c761ee1a5e255f067953623c8b388b4459e13f978d7c846f4','','','','','','','保密','','2020-09-25 16:54:14','2020-09-25 16:54:14'),(4,'test8','','03ac674216f3e15c761ee1a5e255f067953623c8b388b4459e13f978d7c846f4','','','','0','0','','保密','','2020-09-25 17:42:16','2020-09-25 17:42:16'),(5,'2018100','','8d969eef6ecad3c29a3a629280e686cf0c3f5d5a86aff3ca12020c923adc6c92','','','','0','0','','保密','','2020-10-01 15:50:26','2020-10-01 15:50:26'),(6,'20181000','','8d969eef6ecad3c29a3a629280e686cf0c3f5d5a86aff3ca12020c923adc6c92','','','','0','0','','保密','','2020-10-01 16:08:14','2020-10-01 16:08:14'),(7,'201810089128','thirtyseven','8d969eef6ecad3c29a3a629280e686cf0c3f5d5a86aff3ca12020c923adc6c92','http://cloud-room.oss-cn-shenzhen.aliyuncs.com/egg-oss-room/5q5ljd9il480000.jpeg','','','1','0','','女','','2020-10-03 17:02:19','2020-10-03 17:02:47'),(8,'123456','','8d969eef6ecad3c29a3a629280e686cf0c3f5d5a86aff3ca12020c923adc6c92','http://cloud-room.oss-cn-shenzhen.aliyuncs.com/egg-oss-room/5ppyhg4vf8k0000.jpg','','','0','0','','保密','','2020-10-05 19:06:58','2020-10-05 19:08:03'),(9,'201810089181','','bcb15f821479b4d5772bd0ca866c00ad5f926e3580720659cc80d39c9d09802a','http://cloud-room.oss-cn-shenzhen.aliyuncs.com/egg-oss-room/3e6vs394bg80000.jpg','','','0','0','','保密','','2020-10-08 15:56:29','2020-10-08 15:58:23'),(10,'201810081111','','8d969eef6ecad3c29a3a629280e686cf0c3f5d5a86aff3ca12020c923adc6c92','','','','0','0','','保密','','2020-10-08 16:02:38','2020-10-08 16:02:38'),(11,'201810000','','ef797c8118f02dfb649607dd5d3f8c7623048c9c063d532cc95c5ed7a898a64f','','','','0','0','','保密','','2020-10-08 16:08:58','2020-10-08 16:08:58'),(12,'20201008','','8d969eef6ecad3c29a3a629280e686cf0c3f5d5a86aff3ca12020c923adc6c92','','','','0','0','','保密','','2020-10-08 16:54:51','2020-10-08 16:54:51'),(13,'111111','','bcb15f821479b4d5772bd0ca866c00ad5f926e3580720659cc80d39c9d09802a','','','','0','0','','保密','','2020-10-08 22:25:00','2020-10-08 22:25:00'),(14,'201810089260','','8d969eef6ecad3c29a3a629280e686cf0c3f5d5a86aff3ca12020c923adc6c92','','','','0','0','','保密','','2020-10-09 10:29:42','2020-10-09 10:29:42'),(15,'201810089213','','5fd1659651fe90258fd50e3b59d94de7d857430b4cb9feff1124c66973e3c636','','','','0','0','','保密','','2020-10-16 12:05:11','2020-10-16 12:05:11'),(16,'201810089256','','8d969eef6ecad3c29a3a629280e686cf0c3f5d5a86aff3ca12020c923adc6c92','','','','0','0','','保密','','2021-01-04 21:13:44','2021-01-04 21:13:44'),(17,'20201000','666','54d5cb2d332dbdb4850293caae4559ce88b65163f1ea5d4e4b3ac49d772ded14','http://cloud-room.oss-cn-shenzhen.aliyuncs.com/egg-oss-room/a8rfkdumfb40000.png','','','0','0','','保密','','2021-03-17 20:19:49','2021-03-17 20:21:49'),(18,'202010000','','8d969eef6ecad3c29a3a629280e686cf0c3f5d5a86aff3ca12020c923adc6c92','','','','0','0','','保密','','2021-03-17 20:32:30','2021-03-17 20:32:30'),(19,'1234567','','8d969eef6ecad3c29a3a629280e686cf0c3f5d5a86aff3ca12020c923adc6c92','','','','0','0','','保密','','2021-03-25 16:01:09','2021-03-25 16:01:09');
/*!40000 ALTER TABLE `user` ENABLE KEYS */;
UNLOCK TABLES;
/*!40103 SET TIME_ZONE=@OLD_TIME_ZONE */;

/*!40101 SET SQL_MODE=@OLD_SQL_MODE */;
/*!40014 SET FOREIGN_KEY_CHECKS=@OLD_FOREIGN_KEY_CHECKS */;
/*!40014 SET UNIQUE_CHECKS=@OLD_UNIQUE_CHECKS */;
/*!40101 SET CHARACTER_SET_CLIENT=@OLD_CHARACTER_SET_CLIENT */;
/*!40101 SET CHARACTER_SET_RESULTS=@OLD_CHARACTER_SET_RESULTS */;
/*!40101 SET COLLATION_CONNECTION=@OLD_COLLATION_CONNECTION */;
/*!40111 SET SQL_NOTES=@OLD_SQL_NOTES */;

-- Dump completed on 2021-03-27 13:13:34
